id,hh_id,age,gender,pm25_baseline,pm25_scenario,RR,increment
1,1,44,Male,14.20456483,6,1.1,5
2,1,41,Female,14.20456483,6,1.1,5
3,2,56,Male,16.62958218,6.400475007,1.1,5
4,2,78,Female,16.62958218,6.400475007,1.1,5
5,3,66,Female,13.75698016,6,1.1,5
6,3,45,Female,13.75698016,6,1.1,5
7,4,52,Male,13.57125932,6.205938959,1.1,5
8,4,46,Female,13.57125932,6.205938959,1.1,5
9,4,41,Female,13.57125932,6.205938959,1.1,5
10,5,37,Male,12.63419149,6,1.1,5
11,5,80,Male,12.63419149,6,1.1,5
12,6,52,Female,13.2161482,10.37517897,1.1,5
13,6,40,Female,13.2161482,10.37517897,1.1,5
14,6,64,Male,13.2161482,10.37517897,1.1,5
15,7,40,Male,19.9527224,6.967994946,1.1,5
16,7,70,Male,19.9527224,6.967994946,1.1,5
17,7,63,Female,19.9527224,6.967994946,1.1,5
18,8,71,Female,14.83791562,9.149890155,1.1,5
19,8,80,Female,14.83791562,9.149890155,1.1,5
20,8,76,Female,14.83791562,9.149890155,1.1,5
21,9,74,Female,15.35773571,6,1.1,5
22,9,76,Male,15.35773571,6,1.1,5
23,10,80,Female,15.73106229,6.09360434,1.1,5
24,10,63,Female,15.73106229,6.09360434,1.1,5
25,11,66,Female,18.69742764,6,1.1,5
26,11,35,Female,18.69742764,6,1.1,5
27,11,68,Female,18.69742764,6,1.1,5
28,12,49,Female,13.45180851,6,1.1,5
29,12,44,Female,13.45180851,6,1.1,5
30,12,39,Female,13.45180851,6,1.1,5
31,13,39,Male,12.02247855,10.09321831,1.1,5
32,13,51,Female,12.02247855,10.09321831,1.1,5
33,13,36,Female,12.02247855,10.09321831,1.1,5
34,14,61,Male,20,6,1.1,5
35,14,45,Male,20,6,1.1,5
36,15,71,Female,13.67651035,7.636780521,1.1,5
37,15,51,Female,13.67651035,7.636780521,1.1,5
38,15,80,Male,13.67651035,7.636780521,1.1,5
39,16,69,Male,12.83080209,8.692872571,1.1,5
40,16,76,Male,12.83080209,8.692872571,1.1,5
41,17,47,Female,11.29118064,7.356380377,1.1,5
42,17,64,Female,11.29118064,7.356380377,1.1,5
43,17,65,Female,11.29118064,7.356380377,1.1,5
44,18,68,Female,11.14585283,6,1.1,5
45,18,51,Female,11.14585283,6,1.1,5
46,19,43,Male,13.27807956,8.882331613,1.1,5
47,19,43,Male,13.27807956,8.882331613,1.1,5
48,20,56,Female,16.85395745,7.341176164,1.1,5
49,20,80,Male,16.85395745,7.341176164,1.1,5
50,21,66,Female,18.32954442,6,1.1,5
51,21,72,Female,18.32954442,6,1.1,5
52,22,74,Male,17.12276506,6,1.1,5
53,22,36,Male,17.12276506,6,1.1,5
54,22,35,Female,17.12276506,6,1.1,5
55,23,52,Male,13.90902811,11.17343487,1.1,5
56,23,41,Female,13.90902811,11.17343487,1.1,5
57,24,61,Female,15.17924981,6,1.1,5
58,24,41,Female,15.17924981,6,1.1,5
59,25,70,Female,12.88621061,6,1.1,5
60,25,39,Male,12.88621061,6,1.1,5
61,26,45,Male,12.84834552,8.066518726,1.1,5
62,26,61,Male,12.84834552,8.066518726,1.1,5
63,27,65,Male,17.6539515,7.620460512,1.1,5
64,27,76,Female,17.6539515,7.620460512,1.1,5
65,27,45,Female,17.6539515,7.620460512,1.1,5
66,28,62,Female,11.95322226,6,1.1,5
67,28,67,Male,11.95322226,6,1.1,5
68,28,76,Female,11.95322226,6,1.1,5
69,29,66,Male,20,6,1.1,5
70,29,57,Male,20,6,1.1,5
71,30,55,Male,14.72904122,6.767394966,1.1,5
72,30,78,Male,14.72904122,6.767394966,1.1,5
73,30,73,Female,14.72904122,6.767394966,1.1,5
74,31,71,Female,15.64361648,9.278792583,1.1,5
75,31,66,Female,15.64361648,9.278792583,1.1,5
76,32,74,Male,12.78441689,8.27224807,1.1,5
77,32,49,Female,12.78441689,8.27224807,1.1,5
78,32,66,Female,12.78441689,8.27224807,1.1,5
79,33,41,Male,13.27683393,6.014125152,1.1,5
80,33,48,Female,13.27683393,6.014125152,1.1,5
81,34,76,Female,11.0489516,6,1.1,5
82,34,59,Male,11.0489516,6,1.1,5
83,34,37,Male,11.0489516,6,1.1,5
84,35,57,Male,14.45122383,7.542133514,1.1,5
85,35,45,Female,14.45122383,7.542133514,1.1,5
86,35,65,Male,14.45122383,7.542133514,1.1,5
87,36,37,Female,16.25694721,7.314706694,1.1,5
88,36,42,Male,16.25694721,7.314706694,1.1,5
89,37,61,Female,15.97291303,8.259423493,1.1,5
90,37,61,Female,15.97291303,8.259423493,1.1,5
91,38,59,Female,12.65539054,6.208404099,1.1,5
92,38,62,Male,12.65539054,6.208404099,1.1,5
93,39,62,Female,12.63413409,8.798708106,1.1,5
94,39,47,Female,12.63413409,8.798708106,1.1,5
95,40,49,Male,13.49340384,6,1.1,5
96,40,78,Female,13.49340384,6,1.1,5
97,40,75,Female,13.49340384,6,1.1,5
98,41,65,Female,19.48818201,6.3389106,1.1,5
99,41,72,Female,19.48818201,6.3389106,1.1,5
100,42,47,Female,11.58808914,8.481629047,1.1,5
101,42,75,Male,11.58808914,8.481629047,1.1,5
102,42,45,Male,11.58808914,8.481629047,1.1,5
103,43,80,Male,14.46284522,8.979943217,1.1,5
104,43,56,Female,14.46284522,8.979943217,1.1,5
105,43,58,Male,14.46284522,8.979943217,1.1,5
106,44,79,Male,20,6,1.1,5
107,44,46,Male,20,6,1.1,5
108,45,78,Male,14.69707534,7.214380814,1.1,5
109,45,60,Female,14.69707534,7.214380814,1.1,5
110,46,54,Male,10.92047789,8.217558023,1.1,5
111,46,70,Female,10.92047789,8.217558023,1.1,5
112,47,62,Female,13.00569169,6,1.1,5
113,47,50,Female,13.00569169,6,1.1,5
114,48,78,Female,16.45637994,7.9612512,1.1,5
115,48,36,Male,16.45637994,7.9612512,1.1,5
116,48,71,Female,16.45637994,7.9612512,1.1,5
117,49,53,Female,13.87319138,6,1.1,5
118,49,47,Male,13.87319138,6,1.1,5
119,50,73,Male,13.31437091,9.040506024,1.1,5
120,50,64,Male,13.31437091,9.040506024,1.1,5
121,51,39,Male,13.9682483,8.076964064,1.1,5
122,51,41,Female,13.9682483,8.076964064,1.1,5
123,51,50,Male,13.9682483,8.076964064,1.1,5
124,52,78,Male,15.27148994,8.53810459,1.1,5
125,52,77,Female,15.27148994,8.53810459,1.1,5
126,53,53,Male,19.79552631,7.241438659,1.1,5
127,53,72,Male,19.79552631,7.241438659,1.1,5
128,54,60,Female,14.73430466,8.727296868,1.1,5
129,54,78,Male,14.73430466,8.727296868,1.1,5
130,55,79,Female,18.24239849,9.761029057,1.1,5
131,55,72,Female,18.24239849,9.761029057,1.1,5
132,56,44,Female,16.89226235,10.93249603,1.1,5
133,56,74,Female,16.89226235,10.93249603,1.1,5
134,56,44,Male,16.89226235,10.93249603,1.1,5
135,57,72,Female,14.65908031,6.943209891,1.1,5
136,57,61,Female,14.65908031,6.943209891,1.1,5
137,57,63,Male,14.65908031,6.943209891,1.1,5
138,58,64,Male,10.40129399,6,1.1,5
139,58,57,Male,10.40129399,6,1.1,5
140,59,55,Female,13.43664805,7.063052009,1.1,5
141,59,36,Male,13.43664805,7.063052009,1.1,5
142,59,57,Male,13.43664805,7.063052009,1.1,5
143,60,53,Male,13.53038864,7.411122417,1.1,5
144,60,53,Male,13.53038864,7.411122417,1.1,5
145,61,47,Male,15.1414633,6.689309306,1.1,5
146,61,67,Male,15.1414633,6.689309306,1.1,5
147,62,72,Male,18.90059603,8.136577242,1.1,5
148,62,71,Male,18.90059603,8.136577242,1.1,5
149,62,41,Male,18.90059603,8.136577242,1.1,5
150,63,60,Female,20,9.021355929,1.1,5
151,63,51,Female,20,9.021355929,1.1,5
152,63,71,Female,20,9.021355929,1.1,5
153,64,71,Female,19.64274318,6,1.1,5
154,64,66,Male,19.64274318,6,1.1,5
155,65,79,Female,14.60054711,6.411809346,1.1,5
156,65,74,Female,14.60054711,6.411809346,1.1,5
157,66,67,Male,9.730417813,7.795684418,1.1,5
158,66,70,Male,9.730417813,7.795684418,1.1,5
159,66,38,Female,9.730417813,7.795684418,1.1,5
160,67,74,Female,13.83366041,6,1.1,5
161,67,62,Male,13.83366041,6,1.1,5
162,68,55,Male,15.26762167,7.182534767,1.1,5
163,68,57,Female,15.26762167,7.182534767,1.1,5
164,69,70,Male,17.53503901,6,1.1,5
165,69,52,Male,17.53503901,6,1.1,5
166,70,80,Female,17.88758391,6,1.1,5
167,70,62,Female,17.88758391,6,1.1,5
168,71,65,Female,17.05292829,6,1.1,5
169,71,46,Male,17.05292829,6,1.1,5
170,71,45,Male,17.05292829,6,1.1,5
171,72,58,Male,10.81417695,6,1.1,5
172,72,64,Female,10.81417695,6,1.1,5
173,73,45,Female,17.54892914,6,1.1,5
174,73,58,Female,17.54892914,6,1.1,5
175,74,51,Male,13.66032835,7.764610285,1.1,5
176,74,57,Female,13.66032835,7.764610285,1.1,5
177,75,68,Female,15.5244081,8.964226005,1.1,5
178,75,44,Female,15.5244081,8.964226005,1.1,5
179,76,38,Male,15.22365353,6,1.1,5
180,76,40,Male,15.22365353,6,1.1,5
181,76,44,Male,15.22365353,6,1.1,5
182,77,53,Male,16.28450029,6,1.1,5
183,77,72,Female,16.28450029,6,1.1,5
184,77,75,Male,16.28450029,6,1.1,5
185,78,62,Male,15.07402495,6,1.1,5
186,78,79,Male,15.07402495,6,1.1,5
187,79,43,Female,9.997574707,6.170822547,1.1,5
188,79,41,Female,9.997574707,6.170822547,1.1,5
189,79,58,Female,9.997574707,6.170822547,1.1,5
190,80,76,Female,17.20948789,6.521941864,1.1,5
191,80,52,Male,17.20948789,6.521941864,1.1,5
192,80,58,Female,17.20948789,6.521941864,1.1,5
193,81,42,Male,16.15807971,7.967235068,1.1,5
194,81,50,Male,16.15807971,7.967235068,1.1,5
195,81,52,Male,16.15807971,7.967235068,1.1,5
196,82,63,Female,14.20304512,6.357350316,1.1,5
197,82,59,Female,14.20304512,6.357350316,1.1,5
198,82,50,Male,14.20304512,6.357350316,1.1,5
199,83,39,Male,15.35443353,6,1.1,5
200,83,57,Female,15.35443353,6,1.1,5
201,84,37,Female,15.40211594,6.817131449,1.1,5
202,84,40,Female,15.40211594,6.817131449,1.1,5
203,84,59,Female,15.40211594,6.817131449,1.1,5
204,85,53,Female,15.66305841,9.374373621,1.1,5
205,85,45,Female,15.66305841,9.374373621,1.1,5
206,85,77,Female,15.66305841,9.374373621,1.1,5
207,86,46,Male,19.9225385,9.383202537,1.1,5
208,86,67,Male,19.9225385,9.383202537,1.1,5
209,86,42,Female,19.9225385,9.383202537,1.1,5
210,87,41,Male,14.34284886,6,1.1,5
211,87,49,Female,14.34284886,6,1.1,5
212,88,71,Male,15.50419615,6,1.1,5
213,88,69,Male,15.50419615,6,1.1,5
214,89,41,Female,18.50515162,11.91612098,1.1,5
215,89,47,Female,18.50515162,11.91612098,1.1,5
216,89,54,Male,18.50515162,11.91612098,1.1,5
217,90,43,Female,18.16254307,6.675156115,1.1,5
218,90,46,Male,18.16254307,6.675156115,1.1,5
219,91,48,Male,18.43578933,6.8050975,1.1,5
220,91,73,Female,18.43578933,6.8050975,1.1,5
221,91,62,Female,18.43578933,6.8050975,1.1,5
222,92,43,Male,13.267596,7.841148377,1.1,5
223,92,66,Male,13.267596,7.841148377,1.1,5
224,92,70,Male,13.267596,7.841148377,1.1,5
225,93,53,Female,20,6,1.1,5
226,93,75,Female,20,6,1.1,5
227,94,68,Male,15.20010261,6,1.1,5
228,94,46,Male,15.20010261,6,1.1,5
229,94,48,Male,15.20010261,6,1.1,5
230,95,44,Female,20,6,1.1,5
231,95,73,Male,20,6,1.1,5
232,95,50,Male,20,6,1.1,5
233,96,68,Female,10.94729194,6,1.1,5
234,96,44,Female,10.94729194,6,1.1,5
235,97,36,Male,15.06295076,7.237698866,1.1,5
236,97,55,Female,15.06295076,7.237698866,1.1,5
237,98,42,Male,18.74974371,6,1.1,5
238,98,67,Female,18.74974371,6,1.1,5
239,98,67,Female,18.74974371,6,1.1,5
240,99,49,Female,12.85427344,8.179965359,1.1,5
241,99,58,Female,12.85427344,8.179965359,1.1,5
242,100,52,Female,12.7419331,7.578688058,1.1,5
243,100,69,Male,12.7419331,7.578688058,1.1,5
244,101,50,Male,12.18438389,6,1.1,5
245,101,38,Female,12.18438389,6,1.1,5
246,102,73,Female,11.84246016,7.452649885,1.1,5
247,102,68,Male,11.84246016,7.452649885,1.1,5
248,102,80,Male,11.84246016,7.452649885,1.1,5
249,103,62,Male,13.6885214,8.496162325,1.1,5
250,103,70,Male,13.6885214,8.496162325,1.1,5
251,103,53,Male,13.6885214,8.496162325,1.1,5
252,104,57,Female,15.99353752,9.122190507,1.1,5
253,104,42,Female,15.99353752,9.122190507,1.1,5
254,105,53,Male,9,6.574303443,1.1,5
255,105,41,Male,9,6.574303443,1.1,5
256,105,46,Female,9,6.574303443,1.1,5
257,106,36,Male,15.6359413,6.812726412,1.1,5
258,106,52,Female,15.6359413,6.812726412,1.1,5
259,106,57,Female,15.6359413,6.812726412,1.1,5
260,107,45,Male,18.71002514,6.82657173,1.1,5
261,107,36,Male,18.71002514,6.82657173,1.1,5
262,108,80,Male,20,9.882923512,1.1,5
263,108,59,Female,20,9.882923512,1.1,5
264,109,59,Female,18.90352798,9.250143785,1.1,5
265,109,51,Female,18.90352798,9.250143785,1.1,5
266,110,56,Female,17.27032429,8.668803136,1.1,5
267,110,47,Female,17.27032429,8.668803136,1.1,5
268,110,56,Female,17.27032429,8.668803136,1.1,5
269,111,59,Female,9.819808803,6.4253184,1.1,5
270,111,43,Male,9.819808803,6.4253184,1.1,5
271,111,69,Male,9.819808803,6.4253184,1.1,5
272,112,58,Female,13.19547988,7.746482868,1.1,5
273,112,72,Female,13.19547988,7.746482868,1.1,5
274,112,76,Female,13.19547988,7.746482868,1.1,5
275,113,46,Female,13.94386063,7.806580662,1.1,5
276,113,49,Male,13.94386063,7.806580662,1.1,5
277,113,75,Female,13.94386063,7.806580662,1.1,5
278,114,49,Male,17.11057171,6,1.1,5
279,114,70,Male,17.11057171,6,1.1,5
280,115,59,Female,14.682986,6,1.1,5
281,115,75,Female,14.682986,6,1.1,5
282,116,39,Male,11.22405412,8.283660055,1.1,5
283,116,48,Female,11.22405412,8.283660055,1.1,5
284,116,51,Female,11.22405412,8.283660055,1.1,5
285,117,36,Female,20,6,1.1,5
286,117,71,Male,20,6,1.1,5
287,117,58,Male,20,6,1.1,5
288,118,45,Male,17.73417388,7.003367377,1.1,5
289,118,67,Female,17.73417388,7.003367377,1.1,5
290,118,41,Male,17.73417388,7.003367377,1.1,5
291,119,49,Male,15.71229082,7.500495643,1.1,5
292,119,60,Female,15.71229082,7.500495643,1.1,5
293,120,71,Female,18.65432583,8.127734781,1.1,5
294,120,57,Male,18.65432583,8.127734781,1.1,5
295,120,45,Female,18.65432583,8.127734781,1.1,5
296,121,59,Female,10.98367714,7.378852475,1.1,5
297,121,44,Male,10.98367714,7.378852475,1.1,5
298,122,68,Female,16.98246089,6,1.1,5
299,122,62,Female,16.98246089,6,1.1,5
300,122,40,Female,16.98246089,6,1.1,5
301,123,46,Female,13.43126287,8.97273172,1.1,5
302,123,53,Female,13.43126287,8.97273172,1.1,5
303,124,78,Female,17.05123657,10.47726753,1.1,5
304,124,69,Male,17.05123657,10.47726753,1.1,5
305,125,42,Male,14.81753414,8.762357618,1.1,5
306,125,62,Female,14.81753414,8.762357618,1.1,5
307,126,79,Female,16.89888214,6,1.1,5
308,126,36,Female,16.89888214,6,1.1,5
309,126,47,Male,16.89888214,6,1.1,5
310,127,79,Male,19.00655285,9.799152371,1.1,5
311,127,72,Female,19.00655285,9.799152371,1.1,5
312,127,53,Male,19.00655285,9.799152371,1.1,5
313,128,65,Female,15.02187027,6.887888108,1.1,5
314,128,45,Male,15.02187027,6.887888108,1.1,5
315,129,78,Female,18.05267591,8.049828559,1.1,5
316,129,45,Male,18.05267591,8.049828559,1.1,5
317,130,63,Female,11.43469789,8.244066472,1.1,5
318,130,67,Male,11.43469789,8.244066472,1.1,5
319,131,61,Male,12.83518668,6.806627854,1.1,5
320,131,59,Female,12.83518668,6.806627854,1.1,5
321,131,42,Female,12.83518668,6.806627854,1.1,5
322,132,67,Male,19.55765313,6.849473605,1.1,5
323,132,62,Female,19.55765313,6.849473605,1.1,5
324,133,74,Male,16.13216392,9.038314139,1.1,5
325,133,78,Female,16.13216392,9.038314139,1.1,5
326,133,42,Male,16.13216392,9.038314139,1.1,5
327,134,50,Female,9,8.423203845,1.1,5
328,134,44,Female,9,8.423203845,1.1,5
329,134,49,Male,9,8.423203845,1.1,5
330,135,76,Male,10.90788764,8.980524492,1.1,5
331,135,58,Female,10.90788764,8.980524492,1.1,5
332,135,74,Male,10.90788764,8.980524492,1.1,5
333,136,62,Female,14.39765695,11.76585339,1.1,5
334,136,74,Female,14.39765695,11.76585339,1.1,5
335,136,36,Male,14.39765695,11.76585339,1.1,5
336,137,80,Female,17.59733821,8.328831727,1.1,5
337,137,52,Male,17.59733821,8.328831727,1.1,5
338,137,45,Male,17.59733821,8.328831727,1.1,5
339,138,36,Male,14.69435023,7.414762315,1.1,5
340,138,53,Female,14.69435023,7.414762315,1.1,5
341,138,36,Male,14.69435023,7.414762315,1.1,5
342,139,75,Male,16.87256242,6,1.1,5
343,139,57,Female,16.87256242,6,1.1,5
344,139,39,Male,16.87256242,6,1.1,5
345,140,40,Male,17.87701613,12.38342801,1.1,5
346,140,51,Male,17.87701613,12.38342801,1.1,5
347,141,61,Female,20,6.034646356,1.1,5
348,141,46,Female,20,6.034646356,1.1,5
349,141,49,Male,20,6.034646356,1.1,5
350,142,68,Male,15.1680502,11.74946943,1.1,5
351,142,48,Female,15.1680502,11.74946943,1.1,5
352,142,36,Female,15.1680502,11.74946943,1.1,5
353,143,50,Male,14.84405428,7.749287136,1.1,5
354,143,49,Female,14.84405428,7.749287136,1.1,5
355,143,44,Female,14.84405428,7.749287136,1.1,5
356,144,58,Male,9.740287923,10.0768604,1.1,5
357,144,61,Female,9.740287923,10.0768604,1.1,5
358,145,37,Male,15.29798278,6.780579358,1.1,5
359,145,68,Female,15.29798278,6.780579358,1.1,5
360,145,77,Female,15.29798278,6.780579358,1.1,5
361,146,74,Female,13.28444983,8.022941509,1.1,5
362,146,64,Male,13.28444983,8.022941509,1.1,5
363,146,50,Male,13.28444983,8.022941509,1.1,5
364,147,43,Female,12.07797125,7.427915959,1.1,5
365,147,47,Female,12.07797125,7.427915959,1.1,5
366,147,61,Female,12.07797125,7.427915959,1.1,5
367,148,52,Male,14.46028131,6.627758601,1.1,5
368,148,78,Female,14.46028131,6.627758601,1.1,5
369,149,43,Male,18.04482952,6.759212351,1.1,5
370,149,69,Female,18.04482952,6.759212351,1.1,5
371,149,79,Male,18.04482952,6.759212351,1.1,5
372,150,43,Male,9.021754534,9.025668672,1.1,5
373,150,39,Female,9.021754534,9.025668672,1.1,5
374,150,74,Male,9.021754534,9.025668672,1.1,5
375,151,62,Female,13.71816214,6.597083706,1.1,5
376,151,52,Female,13.71816214,6.597083706,1.1,5
377,152,40,Female,15.34991185,6,1.1,5
378,152,74,Female,15.34991185,6,1.1,5
379,152,77,Male,15.34991185,6,1.1,5
380,153,77,Male,12.32037729,6.608221502,1.1,5
381,153,56,Female,12.32037729,6.608221502,1.1,5
382,154,60,Female,16.00170883,8.079581211,1.1,5
383,154,72,Female,16.00170883,8.079581211,1.1,5
384,154,70,Female,16.00170883,8.079581211,1.1,5
385,155,49,Male,16.23428976,8.232911433,1.1,5
386,155,61,Male,16.23428976,8.232911433,1.1,5
387,156,42,Female,14.90089152,8.233135635,1.1,5
388,156,56,Female,14.90089152,8.233135635,1.1,5
389,157,77,Female,9,6,1.1,5
390,157,59,Female,9,6,1.1,5
391,158,48,Female,20,7.737484116,1.1,5
392,158,78,Male,20,7.737484116,1.1,5
393,159,42,Female,14.38410223,8.93571842,1.1,5
394,159,37,Male,14.38410223,8.93571842,1.1,5
395,160,76,Male,16.95357984,9.553157363,1.1,5
396,160,53,Female,16.95357984,9.553157363,1.1,5
397,161,65,Male,15.82129947,6.550077458,1.1,5
398,161,78,Male,15.82129947,6.550077458,1.1,5
399,162,80,Male,18.0740197,6.356214828,1.1,5
400,162,79,Female,18.0740197,6.356214828,1.1,5
401,162,40,Female,18.0740197,6.356214828,1.1,5
402,163,60,Female,17.45297834,9.975675664,1.1,5
403,163,63,Female,17.45297834,9.975675664,1.1,5
404,163,73,Male,17.45297834,9.975675664,1.1,5
405,164,55,Female,14.37062049,6,1.1,5
406,164,38,Male,14.37062049,6,1.1,5
407,164,44,Female,14.37062049,6,1.1,5
408,165,50,Female,16.13450332,6.126340046,1.1,5
409,165,50,Male,16.13450332,6.126340046,1.1,5
410,166,69,Female,12.16377351,7.914924159,1.1,5
411,166,73,Female,12.16377351,7.914924159,1.1,5
412,166,64,Male,12.16377351,7.914924159,1.1,5
413,167,55,Male,17.57076903,6,1.1,5
414,167,61,Female,17.57076903,6,1.1,5
415,168,72,Female,13.61688498,7.559255725,1.1,5
416,168,36,Male,13.61688498,7.559255725,1.1,5
417,169,80,Female,20,10.75572804,1.1,5
418,169,70,Female,20,10.75572804,1.1,5
419,169,44,Male,20,10.75572804,1.1,5
420,170,71,Female,10.04685331,6.991878693,1.1,5
421,170,78,Female,10.04685331,6.991878693,1.1,5
422,171,38,Female,13.60803827,6.44309195,1.1,5
423,171,69,Male,13.60803827,6.44309195,1.1,5
424,171,41,Male,13.60803827,6.44309195,1.1,5
425,172,45,Female,17.47613959,7.949823428,1.1,5
426,172,36,Male,17.47613959,7.949823428,1.1,5
427,172,75,Female,17.47613959,7.949823428,1.1,5
428,173,47,Female,16.53039764,6.441855658,1.1,5
429,173,66,Female,16.53039764,6.441855658,1.1,5
430,173,45,Male,16.53039764,6.441855658,1.1,5
431,174,57,Female,13.23155688,8.626800748,1.1,5
432,174,74,Female,13.23155688,8.626800748,1.1,5
433,174,74,Male,13.23155688,8.626800748,1.1,5
434,175,40,Female,12.00965777,8.808870929,1.1,5
435,175,39,Female,12.00965777,8.808870929,1.1,5
436,176,63,Male,15.43342711,7.005383322,1.1,5
437,176,75,Male,15.43342711,7.005383322,1.1,5
438,177,75,Male,14.95707776,6,1.1,5
439,177,71,Male,14.95707776,6,1.1,5
440,178,76,Female,9.629156288,6,1.1,5
441,178,35,Male,9.629156288,6,1.1,5
442,178,44,Male,9.629156288,6,1.1,5
443,179,36,Male,15.1036532,6,1.1,5
444,179,69,Female,15.1036532,6,1.1,5
445,179,79,Male,15.1036532,6,1.1,5
446,180,73,Female,15.57069095,8.594761001,1.1,5
447,180,47,Female,15.57069095,8.594761001,1.1,5
448,180,62,Male,15.57069095,8.594761001,1.1,5
449,181,49,Female,15.52417919,6,1.1,5
450,181,40,Female,15.52417919,6,1.1,5
451,181,49,Male,15.52417919,6,1.1,5
452,182,68,Female,11.83494887,6,1.1,5
453,182,69,Male,11.83494887,6,1.1,5
454,183,44,Male,16.42839983,6,1.1,5
455,183,46,Female,16.42839983,6,1.1,5
456,184,42,Female,19.13571041,7.788789696,1.1,5
457,184,42,Male,19.13571041,7.788789696,1.1,5
458,185,75,Male,16.36870921,6,1.1,5
459,185,38,Female,16.36870921,6,1.1,5
460,186,49,Female,11.59323459,8.773498074,1.1,5
461,186,51,Female,11.59323459,8.773498074,1.1,5
462,186,61,Male,11.59323459,8.773498074,1.1,5
463,187,68,Female,13.69306359,7.66673994,1.1,5
464,187,61,Male,13.69306359,7.66673994,1.1,5
465,187,41,Female,13.69306359,7.66673994,1.1,5
466,188,61,Female,16.03831086,6.658720764,1.1,5
467,188,47,Female,16.03831086,6.658720764,1.1,5
468,189,42,Female,13.05886311,8.637656273,1.1,5
469,189,59,Male,13.05886311,8.637656273,1.1,5
470,190,60,Female,9,7.776730326,1.1,5
471,190,51,Female,9,7.776730326,1.1,5
472,190,46,Male,9,7.776730326,1.1,5
473,191,79,Female,17.65275246,6.108129946,1.1,5
474,191,50,Female,17.65275246,6.108129946,1.1,5
475,191,44,Female,17.65275246,6.108129946,1.1,5
476,192,39,Male,12.51156717,7.462229869,1.1,5
477,192,40,Female,12.51156717,7.462229869,1.1,5
478,193,55,Female,13.27931919,8.295026716,1.1,5
479,193,51,Female,13.27931919,8.295026716,1.1,5
480,194,60,Female,19.51170183,7.71256669,1.1,5
481,194,71,Male,19.51170183,7.71256669,1.1,5
482,194,77,Male,19.51170183,7.71256669,1.1,5
483,195,65,Male,12.67756521,6,1.1,5
484,195,46,Female,12.67756521,6,1.1,5
485,195,63,Male,12.67756521,6,1.1,5
486,196,77,Female,17.53719462,8.71040441,1.1,5
487,196,58,Female,17.53719462,8.71040441,1.1,5
488,197,42,Male,11.21795136,9.305872451,1.1,5
489,197,35,Male,11.21795136,9.305872451,1.1,5
490,198,57,Female,13.93637279,7.552549113,1.1,5
491,198,69,Female,13.93637279,7.552549113,1.1,5
492,198,80,Male,13.93637279,7.552549113,1.1,5
493,199,44,Male,14.77933194,7.288209325,1.1,5
494,199,62,Female,14.77933194,7.288209325,1.1,5
495,200,57,Female,11.49404573,6.848749838,1.1,5
496,200,49,Male,11.49404573,6.848749838,1.1,5
497,200,73,Female,11.49404573,6.848749838,1.1,5
498,201,63,Female,13.09575521,11.32283169,1.1,5
499,201,56,Female,13.09575521,11.32283169,1.1,5
500,201,50,Male,13.09575521,11.32283169,1.1,5
501,202,65,Male,14.91347534,7.552631064,1.1,5
502,202,46,Female,14.91347534,7.552631064,1.1,5
503,202,54,Male,14.91347534,7.552631064,1.1,5
504,203,43,Male,17.01208791,6.683411943,1.1,5
505,203,62,Male,17.01208791,6.683411943,1.1,5
506,203,37,Male,17.01208791,6.683411943,1.1,5
507,204,79,Female,10.04836037,6,1.1,5
508,204,74,Female,10.04836037,6,1.1,5
509,205,38,Male,13.95073728,6,1.1,5
510,205,44,Female,13.95073728,6,1.1,5
511,205,44,Female,13.95073728,6,1.1,5
512,206,39,Male,17.26921932,6.844653599,1.1,5
513,206,45,Male,17.26921932,6.844653599,1.1,5
514,206,75,Male,17.26921932,6.844653599,1.1,5
515,207,46,Female,13.38357252,7.41258809,1.1,5
516,207,39,Female,13.38357252,7.41258809,1.1,5
517,207,58,Female,13.38357252,7.41258809,1.1,5
518,208,38,Female,15.68187577,7.553744918,1.1,5
519,208,68,Male,15.68187577,7.553744918,1.1,5
520,209,66,Male,16.47668571,8.643013561,1.1,5
521,209,35,Male,16.47668571,8.643013561,1.1,5
522,209,53,Female,16.47668571,8.643013561,1.1,5
523,210,45,Female,15.80350505,6.611695181,1.1,5
524,210,73,Male,15.80350505,6.611695181,1.1,5
525,210,63,Male,15.80350505,6.611695181,1.1,5
526,211,61,Male,16.95977304,9.429177589,1.1,5
527,211,58,Female,16.95977304,9.429177589,1.1,5
528,211,39,Female,16.95977304,9.429177589,1.1,5
529,212,36,Female,14.63187402,6,1.1,5
530,212,75,Female,14.63187402,6,1.1,5
531,213,60,Female,13.75897046,6,1.1,5
532,213,62,Male,13.75897046,6,1.1,5
533,214,40,Female,9,6,1.1,5
534,214,60,Male,9,6,1.1,5
535,214,62,Male,9,6,1.1,5
536,215,40,Male,14.72117694,8.484594048,1.1,5
537,215,38,Male,14.72117694,8.484594048,1.1,5
538,215,56,Female,14.72117694,8.484594048,1.1,5
539,216,49,Female,16.29085409,6.834160115,1.1,5
540,216,40,Female,16.29085409,6.834160115,1.1,5
541,216,37,Female,16.29085409,6.834160115,1.1,5
542,217,55,Male,16.60619652,8.579635844,1.1,5
543,217,44,Female,16.60619652,8.579635844,1.1,5
544,217,71,Female,16.60619652,8.579635844,1.1,5
545,218,59,Male,13.33416495,6.464587157,1.1,5
546,218,72,Female,13.33416495,6.464587157,1.1,5
547,219,62,Male,20,6,1.1,5
548,219,35,Male,20,6,1.1,5
549,219,69,Male,20,6,1.1,5
550,220,74,Female,15.85927326,6.26329485,1.1,5
551,220,36,Male,15.85927326,6.26329485,1.1,5
552,221,80,Male,15.37894758,6,1.1,5
553,221,53,Female,15.37894758,6,1.1,5
554,221,60,Female,15.37894758,6,1.1,5
555,222,67,Male,18.81680034,6,1.1,5
556,222,57,Male,18.81680034,6,1.1,5
557,223,37,Female,12.84460134,6,1.1,5
558,223,71,Male,12.84460134,6,1.1,5
559,224,58,Male,13.64898413,9.108644544,1.1,5
560,224,66,Female,13.64898413,9.108644544,1.1,5
561,225,47,Female,20,6,1.1,5
562,225,43,Female,20,6,1.1,5
563,225,51,Female,20,6,1.1,5
564,226,48,Female,15.03338756,8.578919706,1.1,5
565,226,65,Female,15.03338756,8.578919706,1.1,5
566,226,42,Male,15.03338756,8.578919706,1.1,5
567,227,71,Male,19.90070526,10.0329812,1.1,5
568,227,46,Male,19.90070526,10.0329812,1.1,5
569,228,54,Female,10.68448007,6.616450382,1.1,5
570,228,39,Male,10.68448007,6.616450382,1.1,5
571,229,74,Male,14.42844959,7.567757813,1.1,5
572,229,69,Female,14.42844959,7.567757813,1.1,5
573,229,39,Female,14.42844959,7.567757813,1.1,5
574,230,42,Female,16.13527171,6,1.1,5
575,230,78,Male,16.13527171,6,1.1,5
576,231,71,Male,15.90011564,6,1.1,5
577,231,60,Male,15.90011564,6,1.1,5
578,232,59,Female,11.98309122,7.112429699,1.1,5
579,232,76,Female,11.98309122,7.112429699,1.1,5
580,232,56,Male,11.98309122,7.112429699,1.1,5
581,233,65,Female,15.05777782,7.598173807,1.1,5
582,233,43,Male,15.05777782,7.598173807,1.1,5
583,233,43,Male,15.05777782,7.598173807,1.1,5
584,234,51,Female,11.76773804,6,1.1,5
585,234,75,Male,11.76773804,6,1.1,5
586,235,76,Female,17.13810998,12.369718,1.1,5
587,235,58,Female,17.13810998,12.369718,1.1,5
588,235,71,Female,17.13810998,12.369718,1.1,5
589,236,45,Male,18.25432527,6.083219722,1.1,5
590,236,66,Male,18.25432527,6.083219722,1.1,5
591,236,50,Male,18.25432527,6.083219722,1.1,5
592,237,80,Female,9,7.128487113,1.1,5
593,237,61,Female,9,7.128487113,1.1,5
594,237,62,Female,9,7.128487113,1.1,5
595,238,65,Male,18.70708039,8.299583734,1.1,5
596,238,48,Male,18.70708039,8.299583734,1.1,5
597,238,47,Female,18.70708039,8.299583734,1.1,5
598,239,48,Male,11.27686651,6.94796273,1.1,5
599,239,73,Male,11.27686651,6.94796273,1.1,5
600,239,65,Male,11.27686651,6.94796273,1.1,5
601,240,44,Male,16.36430781,6,1.1,5
602,240,63,Female,16.36430781,6,1.1,5
603,241,62,Male,16.97970791,9.090611328,1.1,5
604,241,43,Male,16.97970791,9.090611328,1.1,5
605,242,47,Female,14.40033052,10.23109065,1.1,5
606,242,48,Female,14.40033052,10.23109065,1.1,5
607,242,39,Male,14.40033052,10.23109065,1.1,5
608,243,60,Female,13.06465813,6.940612058,1.1,5
609,243,47,Male,13.06465813,6.940612058,1.1,5
610,244,48,Female,15.49596306,8.124534691,1.1,5
611,244,42,Male,15.49596306,8.124534691,1.1,5
612,244,41,Male,15.49596306,8.124534691,1.1,5
613,245,69,Male,16.3164561,6.805175003,1.1,5
614,245,79,Female,16.3164561,6.805175003,1.1,5
615,246,80,Male,17.64990846,9.032910435,1.1,5
616,246,47,Male,17.64990846,9.032910435,1.1,5
617,247,79,Female,9,6,1.1,5
618,247,80,Male,9,6,1.1,5
619,248,52,Female,10.0908622,11.64172045,1.1,5
620,248,54,Female,10.0908622,11.64172045,1.1,5
621,248,66,Female,10.0908622,11.64172045,1.1,5
622,249,77,Female,19.29120702,6,1.1,5
623,249,42,Male,19.29120702,6,1.1,5
624,249,42,Female,19.29120702,6,1.1,5
625,250,49,Male,18.13988654,6,1.1,5
626,250,67,Female,18.13988654,6,1.1,5
627,250,55,Female,18.13988654,6,1.1,5
628,251,75,Female,16.30586685,6.298164346,1.1,5
629,251,78,Male,16.30586685,6.298164346,1.1,5
630,252,51,Male,17.14553522,7.293416968,1.1,5
631,252,79,Female,17.14553522,7.293416968,1.1,5
632,252,67,Female,17.14553522,7.293416968,1.1,5
633,253,57,Male,17.75152475,10.24724242,1.1,5
634,253,40,Female,17.75152475,10.24724242,1.1,5
635,253,51,Female,17.75152475,10.24724242,1.1,5
636,254,62,Female,9,8.822419354,1.1,5
637,254,72,Female,9,8.822419354,1.1,5
638,255,38,Male,18.33083129,7.284916864,1.1,5
639,255,44,Male,18.33083129,7.284916864,1.1,5
640,256,63,Male,13.54503721,6,1.1,5
641,256,57,Female,13.54503721,6,1.1,5
642,257,36,Female,15.69185049,6,1.1,5
643,257,62,Female,15.69185049,6,1.1,5
644,258,41,Female,14.1145266,6.673430136,1.1,5
645,258,52,Male,14.1145266,6.673430136,1.1,5
646,259,75,Female,17.61589486,12.10605223,1.1,5
647,259,35,Female,17.61589486,12.10605223,1.1,5
648,259,45,Male,17.61589486,12.10605223,1.1,5
649,260,42,Male,13.95458265,6,1.1,5
650,260,48,Male,13.95458265,6,1.1,5
651,261,42,Male,16.5555113,9.262109304,1.1,5
652,261,42,Female,16.5555113,9.262109304,1.1,5
653,261,41,Male,16.5555113,9.262109304,1.1,5
654,262,42,Female,13.82794506,6,1.1,5
655,262,43,Female,13.82794506,6,1.1,5
656,262,72,Male,13.82794506,6,1.1,5
657,263,77,Male,11.72163837,10.3319818,1.1,5
658,263,76,Female,11.72163837,10.3319818,1.1,5
659,263,71,Male,11.72163837,10.3319818,1.1,5
660,264,43,Female,18.63003153,6,1.1,5
661,264,37,Male,18.63003153,6,1.1,5
662,265,68,Male,17.22270003,7.287246469,1.1,5
663,265,69,Male,17.22270003,7.287246469,1.1,5
664,265,35,Female,17.22270003,7.287246469,1.1,5
665,266,74,Female,20,6,1.1,5
666,266,37,Female,20,6,1.1,5
667,267,66,Female,15.1954618,8.807032853,1.1,5
668,267,40,Female,15.1954618,8.807032853,1.1,5
669,267,74,Male,15.1954618,8.807032853,1.1,5
670,268,49,Female,18.37500824,9.967558977,1.1,5
671,268,51,Male,18.37500824,9.967558977,1.1,5
672,269,65,Female,20,10.90144201,1.1,5
673,269,54,Male,20,10.90144201,1.1,5
674,270,53,Female,14.15555365,8.595201315,1.1,5
675,270,52,Female,14.15555365,8.595201315,1.1,5
676,271,69,Female,11.03114666,10.68653251,1.1,5
677,271,50,Male,11.03114666,10.68653251,1.1,5
678,272,63,Male,14.2819453,9.492847817,1.1,5
679,272,45,Female,14.2819453,9.492847817,1.1,5
680,273,39,Male,14.35787628,6.736250176,1.1,5
681,273,46,Male,14.35787628,6.736250176,1.1,5
682,274,37,Female,15.45504151,7.954074477,1.1,5
683,274,72,Male,15.45504151,7.954074477,1.1,5
684,274,70,Male,15.45504151,7.954074477,1.1,5
685,275,64,Female,20,6,1.1,5
686,275,62,Female,20,6,1.1,5
687,276,55,Male,14.02156832,6.629595661,1.1,5
688,276,66,Male,14.02156832,6.629595661,1.1,5
689,276,44,Female,14.02156832,6.629595661,1.1,5
690,277,54,Male,16.11901397,9.441927417,1.1,5
691,277,75,Female,16.11901397,9.441927417,1.1,5
692,278,76,Male,14.31694781,8.082568287,1.1,5
693,278,64,Male,14.31694781,8.082568287,1.1,5
694,279,45,Male,15.06135213,7.914714663,1.1,5
695,279,62,Male,15.06135213,7.914714663,1.1,5
696,280,52,Female,15.94217299,6,1.1,5
697,280,36,Female,15.94217299,6,1.1,5
698,281,55,Male,18.98464409,6,1.1,5
699,281,71,Male,18.98464409,6,1.1,5
700,281,71,Male,18.98464409,6,1.1,5
701,282,53,Male,15.36395513,6,1.1,5
702,282,49,Male,15.36395513,6,1.1,5
703,282,62,Female,15.36395513,6,1.1,5
704,283,58,Female,17.13852696,7.79059174,1.1,5
705,283,68,Female,17.13852696,7.79059174,1.1,5
706,284,76,Female,17.33658009,6,1.1,5
707,284,54,Male,17.33658009,6,1.1,5
708,285,72,Male,17.74431981,8.12408278,1.1,5
709,285,39,Female,17.74431981,8.12408278,1.1,5
710,286,52,Female,13.27681634,6,1.1,5
711,286,61,Female,13.27681634,6,1.1,5
712,286,75,Female,13.27681634,6,1.1,5
713,287,65,Male,19.88064364,10.65706092,1.1,5
714,287,45,Male,19.88064364,10.65706092,1.1,5
715,287,63,Male,19.88064364,10.65706092,1.1,5
716,288,35,Female,13.85712978,7.921182699,1.1,5
717,288,41,Female,13.85712978,7.921182699,1.1,5
718,288,80,Female,13.85712978,7.921182699,1.1,5
719,289,74,Male,14.6826475,6,1.1,5
720,289,69,Female,14.6826475,6,1.1,5
721,290,47,Female,19.2121508,7.482091865,1.1,5
722,290,50,Male,19.2121508,7.482091865,1.1,5
723,290,62,Female,19.2121508,7.482091865,1.1,5
724,291,67,Female,18.88225172,6.295093602,1.1,5
725,291,71,Female,18.88225172,6.295093602,1.1,5
726,292,42,Male,11.73002438,7.74229592,1.1,5
727,292,38,Male,11.73002438,7.74229592,1.1,5
728,293,78,Female,12.380787,7.487065438,1.1,5
729,293,77,Male,12.380787,7.487065438,1.1,5
730,294,45,Female,10.92576282,6,1.1,5
731,294,44,Male,10.92576282,6,1.1,5
732,295,41,Female,15.54554158,6,1.1,5
733,295,55,Male,15.54554158,6,1.1,5
734,296,80,Female,15.4945226,7.599187369,1.1,5
735,296,45,Female,15.4945226,7.599187369,1.1,5
736,296,36,Female,15.4945226,7.599187369,1.1,5
737,297,47,Female,16.09234406,10.27810382,1.1,5
738,297,59,Male,16.09234406,10.27810382,1.1,5
739,297,57,Female,16.09234406,10.27810382,1.1,5
740,298,54,Female,16.65647314,9.169234017,1.1,5
741,298,38,Female,16.65647314,9.169234017,1.1,5
742,298,69,Female,16.65647314,9.169234017,1.1,5
743,299,44,Male,13.19432146,6,1.1,5
744,299,35,Female,13.19432146,6,1.1,5
745,300,54,Male,12.01890423,8.651845803,1.1,5
746,300,53,Female,12.01890423,8.651845803,1.1,5
747,301,73,Female,18.08035517,6.902863294,1.1,5
748,301,73,Female,18.08035517,6.902863294,1.1,5
749,301,66,Male,18.08035517,6.902863294,1.1,5
750,302,66,Female,17.25318391,7.602627303,1.1,5
751,302,73,Female,17.25318391,7.602627303,1.1,5
752,302,71,Female,17.25318391,7.602627303,1.1,5
753,303,76,Female,10.47250039,7.520722981,1.1,5
754,303,65,Male,10.47250039,7.520722981,1.1,5
755,304,56,Male,14.71455765,12.15089953,1.1,5
756,304,55,Male,14.71455765,12.15089953,1.1,5
757,304,62,Male,14.71455765,12.15089953,1.1,5
758,305,48,Female,12.31215653,6,1.1,5
759,305,59,Female,12.31215653,6,1.1,5
760,306,67,Female,9,7.201839718,1.1,5
761,306,71,Female,9,7.201839718,1.1,5
762,307,46,Female,15.45036039,6,1.1,5
763,307,54,Male,15.45036039,6,1.1,5
764,307,41,Female,15.45036039,6,1.1,5
765,308,62,Male,14.76236487,8.179671846,1.1,5
766,308,67,Female,14.76236487,8.179671846,1.1,5
767,309,75,Male,14.7078922,9.193216943,1.1,5
768,309,56,Female,14.7078922,9.193216943,1.1,5
769,310,57,Female,15.64845763,9.891324482,1.1,5
770,310,57,Male,15.64845763,9.891324482,1.1,5
771,311,57,Male,17.64739549,6,1.1,5
772,311,75,Male,17.64739549,6,1.1,5
773,311,54,Male,17.64739549,6,1.1,5
774,312,78,Female,15.61679251,7.825538994,1.1,5
775,312,44,Female,15.61679251,7.825538994,1.1,5
776,313,37,Male,13.15069247,10.1867399,1.1,5
777,313,43,Female,13.15069247,10.1867399,1.1,5
778,313,61,Male,13.15069247,10.1867399,1.1,5
779,314,45,Female,12.79560224,6.171968274,1.1,5
780,314,73,Female,12.79560224,6.171968274,1.1,5
781,315,51,Male,14.60459162,6.575698936,1.1,5
782,315,38,Male,14.60459162,6.575698936,1.1,5
783,315,75,Female,14.60459162,6.575698936,1.1,5
784,316,62,Female,15.93005096,6.926925556,1.1,5
785,316,65,Male,15.93005096,6.926925556,1.1,5
786,316,67,Female,15.93005096,6.926925556,1.1,5
787,317,77,Female,11.88095894,7.730037503,1.1,5
788,317,67,Female,11.88095894,7.730037503,1.1,5
789,317,64,Male,11.88095894,7.730037503,1.1,5
790,318,57,Male,14.44707339,8.330319751,1.1,5
791,318,71,Female,14.44707339,8.330319751,1.1,5
792,318,51,Male,14.44707339,8.330319751,1.1,5
793,319,74,Female,17.90180178,9.635641767,1.1,5
794,319,51,Female,17.90180178,9.635641767,1.1,5
795,320,38,Female,14.67515973,6.809024819,1.1,5
796,320,57,Female,14.67515973,6.809024819,1.1,5
797,321,57,Female,12.904738,7.392556091,1.1,5
798,321,62,Female,12.904738,7.392556091,1.1,5
799,322,50,Female,14.17216449,11.97599575,1.1,5
800,322,46,Male,14.17216449,11.97599575,1.1,5
801,322,66,Female,14.17216449,11.97599575,1.1,5
802,323,37,Male,18.34394564,7.862197856,1.1,5
803,323,41,Female,18.34394564,7.862197856,1.1,5
804,324,76,Female,16.65013188,7.377506219,1.1,5
805,324,37,Female,16.65013188,7.377506219,1.1,5
806,325,54,Female,18.7100274,6,1.1,5
807,325,53,Male,18.7100274,6,1.1,5
808,325,38,Male,18.7100274,6,1.1,5
809,326,60,Female,15.41729357,7.005712095,1.1,5
810,326,42,Female,15.41729357,7.005712095,1.1,5
811,327,49,Female,16.23082529,6.557347694,1.1,5
812,327,59,Female,16.23082529,6.557347694,1.1,5
813,328,43,Female,13.32462926,6.97790834,1.1,5
814,328,47,Female,13.32462926,6.97790834,1.1,5
815,328,77,Male,13.32462926,6.97790834,1.1,5
816,329,80,Female,16.81611201,6,1.1,5
817,329,71,Female,16.81611201,6,1.1,5
818,330,65,Male,13.48099937,6,1.1,5
819,330,77,Female,13.48099937,6,1.1,5
820,330,39,Male,13.48099937,6,1.1,5
821,331,58,Female,10.73830349,6,1.1,5
822,331,56,Male,10.73830349,6,1.1,5
823,331,67,Male,10.73830349,6,1.1,5
824,332,68,Male,15.3839789,6.570990969,1.1,5
825,332,70,Female,15.3839789,6.570990969,1.1,5
826,332,72,Female,15.3839789,6.570990969,1.1,5
827,333,39,Male,20,9.736265296,1.1,5
828,333,61,Female,20,9.736265296,1.1,5
829,334,53,Male,17.40274302,9.098173253,1.1,5
830,334,46,Male,17.40274302,9.098173253,1.1,5
831,335,67,Male,18.49576017,6.280049764,1.1,5
832,335,44,Male,18.49576017,6.280049764,1.1,5
833,336,65,Female,16.07656717,6,1.1,5
834,336,70,Female,16.07656717,6,1.1,5
835,337,44,Female,13.17432847,6,1.1,5
836,337,49,Female,13.17432847,6,1.1,5
837,337,62,Male,13.17432847,6,1.1,5
838,338,70,Female,14.39327743,6.084478934,1.1,5
839,338,60,Male,14.39327743,6.084478934,1.1,5
840,339,42,Male,14.18025568,7.207276008,1.1,5
841,339,56,Female,14.18025568,7.207276008,1.1,5
842,340,80,Female,13.59390066,6,1.1,5
843,340,42,Male,13.59390066,6,1.1,5
844,341,76,Female,17.11250185,11.01336138,1.1,5
845,341,40,Male,17.11250185,11.01336138,1.1,5
846,342,38,Female,11.40790949,6.455464931,1.1,5
847,342,77,Female,11.40790949,6.455464931,1.1,5
848,342,50,Female,11.40790949,6.455464931,1.1,5
849,343,73,Female,17.5990984,6,1.1,5
850,343,74,Male,17.5990984,6,1.1,5
851,343,65,Female,17.5990984,6,1.1,5
852,344,71,Female,17.59245746,6.717476485,1.1,5
853,344,60,Female,17.59245746,6.717476485,1.1,5
854,345,80,Male,11.40413292,6,1.1,5
855,345,80,Male,11.40413292,6,1.1,5
856,345,54,Female,11.40413292,6,1.1,5
857,346,41,Male,16.91847599,7.312311415,1.1,5
858,346,43,Female,16.91847599,7.312311415,1.1,5
859,347,54,Male,20,7.467267228,1.1,5
860,347,78,Female,20,7.467267228,1.1,5
861,348,45,Male,13.32835355,7.711175223,1.1,5
862,348,36,Male,13.32835355,7.711175223,1.1,5
863,349,74,Female,17.53471272,6,1.1,5
864,349,63,Female,17.53471272,6,1.1,5
865,349,57,Female,17.53471272,6,1.1,5
866,350,71,Female,12.65339446,7.441422582,1.1,5
867,350,55,Female,12.65339446,7.441422582,1.1,5
868,351,64,Male,18.33213425,7.620900161,1.1,5
869,351,40,Female,18.33213425,7.620900161,1.1,5
870,352,66,Female,15.74947416,6,1.1,5
871,352,69,Female,15.74947416,6,1.1,5
872,353,61,Female,19.95574617,8.910731279,1.1,5
873,353,48,Female,19.95574617,8.910731279,1.1,5
874,353,75,Male,19.95574617,8.910731279,1.1,5
875,354,66,Male,10.62308781,8.568341758,1.1,5
876,354,54,Male,10.62308781,8.568341758,1.1,5
877,355,56,Male,14.84610634,11.59923872,1.1,5
878,355,38,Male,14.84610634,11.59923872,1.1,5
879,356,73,Male,13.41922447,7.313405975,1.1,5
880,356,64,Male,13.41922447,7.313405975,1.1,5
881,356,74,Female,13.41922447,7.313405975,1.1,5
882,357,72,Male,14.40820539,7.093467055,1.1,5
883,357,68,Female,14.40820539,7.093467055,1.1,5
884,358,52,Female,13.11126377,7.193171668,1.1,5
885,358,56,Male,13.11126377,7.193171668,1.1,5
886,359,73,Female,12.49846926,7.139532462,1.1,5
887,359,69,Female,12.49846926,7.139532462,1.1,5
888,360,64,Female,16.73616712,6,1.1,5
889,360,37,Male,16.73616712,6,1.1,5
890,360,79,Female,16.73616712,6,1.1,5
891,361,42,Male,11.73725786,6,1.1,5
892,361,43,Male,11.73725786,6,1.1,5
893,361,66,Female,11.73725786,6,1.1,5
894,362,65,Female,19.45209279,6.844922066,1.1,5
895,362,64,Female,19.45209279,6.844922066,1.1,5
896,363,59,Male,11.44138024,6,1.1,5
897,363,78,Male,11.44138024,6,1.1,5
898,364,53,Female,15.30323745,7.10947305,1.1,5
899,364,36,Female,15.30323745,7.10947305,1.1,5
900,365,78,Female,16.59896786,6,1.1,5
901,365,73,Female,16.59896786,6,1.1,5
902,365,55,Male,16.59896786,6,1.1,5
903,366,52,Female,16.76020602,6,1.1,5
904,366,44,Female,16.76020602,6,1.1,5
905,367,37,Male,14.09476001,6,1.1,5
906,367,40,Female,14.09476001,6,1.1,5
907,367,78,Male,14.09476001,6,1.1,5
908,368,65,Female,15.23850599,8.972116442,1.1,5
909,368,67,Female,15.23850599,8.972116442,1.1,5
910,369,78,Male,17.88379246,6,1.1,5
911,369,54,Female,17.88379246,6,1.1,5
912,369,76,Female,17.88379246,6,1.1,5
913,370,40,Female,10.63060225,6,1.1,5
914,370,74,Female,10.63060225,6,1.1,5
915,371,56,Male,12.65478087,7.159747637,1.1,5
916,371,78,Female,12.65478087,7.159747637,1.1,5
917,372,78,Female,15.96120694,6.354507276,1.1,5
918,372,68,Female,15.96120694,6.354507276,1.1,5
919,373,40,Male,13.66565406,7.292834357,1.1,5
920,373,44,Female,13.66565406,7.292834357,1.1,5
921,373,76,Male,13.66565406,7.292834357,1.1,5
922,374,41,Female,19.11001198,11.61012396,1.1,5
923,374,77,Female,19.11001198,11.61012396,1.1,5
924,374,51,Female,19.11001198,11.61012396,1.1,5
925,375,74,Female,17.01976159,6,1.1,5
926,375,71,Female,17.01976159,6,1.1,5
927,376,49,Male,15.21650026,6.38906072,1.1,5
928,376,51,Male,15.21650026,6.38906072,1.1,5
929,377,49,Female,10.47672805,6,1.1,5
930,377,79,Male,10.47672805,6,1.1,5
931,377,51,Female,10.47672805,6,1.1,5
932,378,55,Male,15.07830068,10.02479085,1.1,5
933,378,64,Male,15.07830068,10.02479085,1.1,5
934,379,70,Male,14.0507524,6,1.1,5
935,379,36,Female,14.0507524,6,1.1,5
936,380,46,Female,14.69296046,6.835826192,1.1,5
937,380,75,Female,14.69296046,6.835826192,1.1,5
938,380,61,Female,14.69296046,6.835826192,1.1,5
939,381,37,Male,11.45532232,8.574267229,1.1,5
940,381,53,Male,11.45532232,8.574267229,1.1,5
941,382,68,Male,16.49597413,6,1.1,5
942,382,58,Female,16.49597413,6,1.1,5
943,382,70,Male,16.49597413,6,1.1,5
944,383,61,Female,11.88313068,10.31035163,1.1,5
945,383,48,Female,11.88313068,10.31035163,1.1,5
946,383,74,Female,11.88313068,10.31035163,1.1,5
947,384,55,Male,14.32133406,8.351524831,1.1,5
948,384,56,Male,14.32133406,8.351524831,1.1,5
949,384,68,Male,14.32133406,8.351524831,1.1,5
950,385,57,Female,16.14427749,6,1.1,5
951,385,58,Female,16.14427749,6,1.1,5
952,385,71,Male,16.14427749,6,1.1,5
953,386,69,Male,12.64945263,7.909155618,1.1,5
954,386,71,Female,12.64945263,7.909155618,1.1,5
955,386,70,Female,12.64945263,7.909155618,1.1,5
956,387,79,Female,16.74897422,6.573385714,1.1,5
957,387,47,Female,16.74897422,6.573385714,1.1,5
958,387,38,Female,16.74897422,6.573385714,1.1,5
959,388,50,Female,11.0504688,7.626457544,1.1,5
960,388,76,Male,11.0504688,7.626457544,1.1,5
961,388,57,Female,11.0504688,7.626457544,1.1,5
962,389,66,Male,9,6.820049606,1.1,5
963,389,57,Male,9,6.820049606,1.1,5
964,389,39,Male,9,6.820049606,1.1,5
965,390,46,Male,16.39490397,9.141032074,1.1,5
966,390,67,Female,16.39490397,9.141032074,1.1,5
967,391,53,Male,17.52161948,6,1.1,5
968,391,73,Female,17.52161948,6,1.1,5
969,391,74,Female,17.52161948,6,1.1,5
970,392,50,Male,14.14246373,6,1.1,5
971,392,78,Male,14.14246373,6,1.1,5
972,393,44,Male,16.51237876,6.501618644,1.1,5
973,393,42,Male,16.51237876,6.501618644,1.1,5
974,394,54,Male,11.53225042,6,1.1,5
975,394,52,Male,11.53225042,6,1.1,5
976,395,72,Female,14.61855418,6,1.1,5
977,395,73,Female,14.61855418,6,1.1,5
978,396,65,Female,9.175444872,6.964039519,1.1,5
979,396,68,Female,9.175444872,6.964039519,1.1,5
980,397,61,Male,18.54354267,6.735649734,1.1,5
981,397,46,Male,18.54354267,6.735649734,1.1,5
982,398,47,Male,20,6,1.1,5
983,398,62,Male,20,6,1.1,5
984,399,62,Female,18.22203678,9.081146911,1.1,5
985,399,78,Female,18.22203678,9.081146911,1.1,5
986,399,41,Male,18.22203678,9.081146911,1.1,5
987,400,76,Female,14.9179591,7.499451472,1.1,5
988,400,73,Female,14.9179591,7.499451472,1.1,5
989,400,63,Male,14.9179591,7.499451472,1.1,5
990,401,44,Female,14.90000897,11.83241475,1.1,5
991,401,42,Female,14.90000897,11.83241475,1.1,5
992,402,46,Male,10.45179713,8.370396476,1.1,5
993,402,80,Female,10.45179713,8.370396476,1.1,5
994,403,66,Female,17.37115603,6.106081382,1.1,5
995,403,55,Male,17.37115603,6.106081382,1.1,5
996,404,65,Male,14.36779746,12.59478229,1.1,5
997,404,53,Male,14.36779746,12.59478229,1.1,5
998,405,73,Female,13.02977122,12.66445205,1.1,5
999,405,58,Male,13.02977122,12.66445205,1.1,5
1000,405,43,Male,13.02977122,12.66445205,1.1,5
